filename,volume_rate(%),duration(s),memory(KB)
br00_001.json,85.93,0.002,361
br00_002.json,90.80,0.429,993
br00_003.json,67.68,0.001,158
br00_004.json,68.41,0.001,117
br00_005.json,80.07,0.002,172
br00_006.json,69.14,0.001,120
br00_007.json,69.52,0.000,98
br00_008.json,76.64,0.003,140
br00_009.json,71.23,0.001,109
br00_010.json,77.68,0.004,209
br00_011.json,68.05,0.001,129
br00_012.json,69.11,0.001,105
br00_013.json,82.12,0.080,543
br00_014.json,90.12,0.011,272
br00_015.json,78.45,0.003,187
br00_016.json,72.45,0.040,376
br00_017.json,91.92,0.006,227
br00_018.json,87.83,0.003,181
br00_019.json,89.59,0.024,362
br00_020.json,88.47,0.001,97
br00_021.json,72.77,0.000,83
br00_022.json,73.83,0.001,116
br00_023.json,65.53,0.002,192
br00_024.json,60.99,0.001,135
br00_025.json,87.62,0.004,206
br00_026.json,83.20,0.001,139
br00_027.json,66.91,0.001,113
br00_028.json,85.34,0.003,169
br00_029.json,71.99,0.001,126
br00_030.json,77.92,0.009,259
br00_031.json,68.94,0.004,156
br00_032.json,95.02,0.001,121
br00_033.json,87.43,0.340,823
br00_034.json,87.13,0.031,389
br00_035.json,92.82,0.009,270
br00_036.json,87.05,0.144,607
br00_037.json,88.92,0.001,122
br00_038.json,71.48,0.000,97
br00_039.json,76.03,0.002,153
br00_040.json,83.61,0.001,108
br00_041.json,78.83,0.000,90
br00_042.json,84.11,0.001,130
br00_043.json,86.68,0.000,99
br00_044.json,76.15,0.002,168
br00_045.json,89.96,0.008,261
br00_046.json,93.10,0.002,175
br00_047.json,80.05,0.001,134
br00_048.json,73.33,0.006,209
br00_049.json,70.55,0.001,154
br00_050.json,85.76,0.027,337
br00_051.json,89.45,0.005,196
br00_052.json,89.73,0.002,157
br00_053.json,91.16,0.018,333
br00_054.json,78.73,0.003,194
br00_055.json,61.23,0.001,135
br00_056.json,80.06,0.006,225
br00_057.json,82.49,0.001,140
br00_058.json,70.21,0.001,109
br00_059.json,74.92,0.003,174
br00_060.json,68.20,0.001,120
br00_061.json,70.94,0.001,98
br00_062.json,70.35,0.002,154
br00_063.json,76.98,0.001,113
br00_064.json,90.02,0.005,228
br00_065.json,89.35,0.028,356
br00_066.json,79.94,0.006,225
br00_067.json,67.78,0.002,172
br00_068.json,91.91,0.013,285
br00_069.json,85.16,0.004,202
br00_070.json,81.71,0.081,509
br00_071.json,66.58,0.001,109
br00_072.json,74.20,0.000,88
br00_073.json,77.56,0.001,141
br00_074.json,81.01,0.000,99
br00_075.json,70.47,0.002,166
br00_076.json,85.77,0.010,281
br00_077.json,91.81,0.002,168
br00_078.json,80.73,0.001,126
br00_079.json,67.63,0.005,206
br00_080.json,86.72,0.001,140
br00_081.json,72.38,0.001,113
br00_082.json,79.32,0.003,185
br00_083.json,75.68,0.001,133
br00_084.json,91.89,0.001,113
br00_085.json,95.22,0.074,566
br00_086.json,85.49,0.019,325
br00_087.json,80.19,0.007,250
br00_088.json,79.76,0.002,143
br00_089.json,64.13,0.000,108
br00_090.json,78.88,0.004,192
br00_091.json,65.65,0.001,122
br00_092.json,79.11,0.000,96
br00_093.json,73.46,0.002,164
br00_094.json,79.10,0.001,111
br00_095.json,86.62,0.004,208
br00_096.json,83.62,0.026,363
br00_097.json,77.91,0.005,205
br00_098.json,80.99,0.002,153
br00_099.json,94.34,0.009,268
br00_100.json,66.86,0.004,176
br01_001.json,83.28,0.001,136
br01_002.json,86.36,0.001,158
br01_003.json,65.78,0.001,146
br01_004.json,81.10,0.004,198
br01_005.json,78.84,0.002,156
br01_006.json,83.77,0.002,164
br01_007.json,81.53,0.001,145
br01_008.json,87.95,0.004,186
br01_009.json,70.25,0.001,128
br01_010.json,88.08,0.002,152
br01_011.json,75.77,0.001,129
br01_012.json,77.33,0.001,130
br01_013.json,88.49,0.010,265
br01_014.json,85.85,0.001,153
br01_015.json,81.69,0.002,141
br01_016.json,78.55,0.003,172
br01_017.json,87.60,0.005,209
br01_018.json,84.07,0.001,115
br01_019.json,85.20,0.001,152
br01_020.json,83.34,0.001,120
br01_021.json,88.99,0.001,113
br01_022.json,74.73,0.002,139
br01_023.json,83.64,0.001,147
br01_024.json,78.79,0.002,137
br01_025.json,79.70,0.002,158
br01_026.json,72.65,0.001,144
br01_027.json,79.37,0.001,130
br01_028.json,74.56,0.001,135
br01_029.json,75.21,0.001,134
br01_030.json,87.94,0.040,348
br01_031.json,80.47,0.002,152
br01_032.json,89.91,0.003,169
br01_033.json,87.24,0.013,264
br01_034.json,89.07,0.003,172
br01_035.json,80.87,0.002,166
br01_036.json,87.28,0.004,181
br01_037.json,87.38,0.001,127
br01_038.json,82.80,0.001,123
br01_039.json,89.79,0.007,230
br01_040.json,83.82,0.001,133
br01_041.json,84.43,0.001,134
br01_042.json,79.73,0.003,178
br01_043.json,78.78,0.001,160
br01_044.json,69.81,0.002,160
br01_045.json,88.67,0.002,159
br01_046.json,85.58,0.001,138
br01_047.json,82.08,0.002,157
br01_048.json,76.80,0.003,168
br01_049.json,81.80,0.001,118
br01_050.json,89.23,0.004,178
br01_051.json,80.58,0.002,152
br01_052.json,89.98,0.004,191
br01_053.json,81.25,0.002,179
br01_054.json,75.00,0.002,160
br01_055.json,76.56,0.001,137
br01_056.json,81.36,0.041,350
br01_057.json,74.01,0.002,144
br01_058.json,73.90,0.001,122
br01_059.json,83.04,0.005,197
br01_060.json,76.97,0.001,131
br01_061.json,75.56,0.001,128
br01_062.json,82.11,0.002,141
br01_063.json,69.84,0.001,124
br01_064.json,85.15,0.001,158
br01_065.json,82.32,0.065,397
br01_066.json,86.34,0.002,163
br01_067.json,77.13,0.005,214
br01_068.json,81.04,0.009,226
br01_069.json,79.67,0.002,161
br01_070.json,79.29,0.002,174
br01_071.json,78.13,0.001,125
br01_072.json,86.77,0.001,110
br01_073.json,82.10,0.001,146
br01_074.json,82.29,0.002,154
br01_075.json,71.72,0.002,157
br01_076.json,80.96,0.009,255
br01_077.json,86.90,0.004,196
br01_078.json,84.71,0.003,179
br01_079.json,85.24,0.004,200
br01_080.json,85.45,0.001,154
br01_081.json,83.45,0.001,109
br01_082.json,74.02,0.002,175
br01_083.json,73.97,0.001,141
br01_084.json,66.34,0.001,107
br01_085.json,91.71,0.016,289
br01_086.json,82.65,0.003,170
br01_087.json,88.11,0.001,126
br01_088.json,79.04,0.002,145
br01_089.json,81.89,0.001,125
br01_090.json,72.40,0.001,121
br01_091.json,89.48,0.010,226
br01_092.json,81.85,0.001,120
br01_093.json,85.92,0.001,128
br01_094.json,83.30,0.003,154
br01_095.json,76.75,0.001,158
br01_096.json,86.61,0.003,188
br01_097.json,87.33,0.002,159
br01_098.json,76.88,0.002,143
br01_099.json,83.50,0.003,169
br01_100.json,77.98,0.006,210
br02_001.json,79.18,0.001,117
br02_002.json,87.50,0.001,139
br02_003.json,84.29,0.003,179
br02_004.json,82.46,0.007,203
br02_005.json,81.08,0.001,141
br02_006.json,87.89,0.002,163
br02_007.json,80.24,0.003,179
br02_008.json,79.47,0.001,145
br02_009.json,81.13,0.001,142
br02_010.json,86.19,0.004,184
br02_011.json,74.75,0.001,126
br02_012.json,80.77,0.001,120
br02_013.json,90.76,0.006,221
br02_014.json,78.89,0.001,126
br02_015.json,84.09,0.002,148
br02_016.json,86.49,0.002,177
br02_017.json,85.41,0.001,138
br02_018.json,81.93,0.001,129
br02_019.json,86.76,0.002,163
br02_020.json,84.31,0.001,143
br02_021.json,82.80,0.001,119
br02_022.json,80.61,0.001,130
br02_023.json,62.42,0.001,143
br02_024.json,77.92,0.001,125
br02_025.json,83.95,0.002,169
br02_026.json,86.57,0.003,181
br02_027.json,88.05,0.001,139
br02_028.json,76.96,0.002,145
br02_029.json,80.94,0.003,172
br02_030.json,89.52,0.004,200
br02_031.json,76.91,0.002,162
br02_032.json,83.84,0.002,162
br02_033.json,89.35,0.001,141
br02_034.json,85.51,0.002,172
br02_035.json,85.92,0.002,166
br02_036.json,85.15,0.001,133
br02_037.json,81.63,0.001,133
br02_038.json,85.67,0.001,141
br02_039.json,88.89,0.011,255
br02_040.json,86.61,0.001,127
br02_041.json,82.84,0.001,128
br02_042.json,75.84,0.003,173
br02_043.json,83.72,0.001,131
br02_044.json,69.88,0.001,153
br02_045.json,84.71,0.003,175
br02_046.json,82.39,0.001,130
br02_047.json,74.72,0.003,174
br02_048.json,81.85,0.002,160
br02_049.json,85.65,0.001,126
br02_050.json,86.25,0.003,172
br02_051.json,84.10,0.002,169
br02_052.json,84.09,0.001,130
br02_053.json,78.96,0.002,161
br02_054.json,76.70,0.002,162
br02_055.json,77.49,0.001,141
br02_056.json,86.72,0.004,189
br02_057.json,74.69,0.003,174
br02_058.json,81.75,0.001,139
br02_059.json,81.76,0.006,203
br02_060.json,81.04,0.001,139
br02_061.json,82.62,0.001,118
br02_062.json,75.99,0.001,136
br02_063.json,79.75,0.001,144
br02_064.json,72.08,0.001,145
br02_065.json,84.10,0.005,193
br02_066.json,84.91,0.002,156
br02_067.json,81.38,0.004,191
br02_068.json,86.64,0.002,154
br02_069.json,78.46,0.002,165
br02_070.json,77.06,0.001,145
br02_071.json,80.83,0.001,145
br02_072.json,83.80,0.001,122
br02_073.json,77.10,0.002,155
br02_074.json,80.46,0.002,146
br02_075.json,81.67,0.003,177
br02_076.json,87.52,0.005,194
br02_077.json,82.75,0.006,203
br02_078.json,85.22,0.004,196
br02_079.json,82.05,0.006,206
br02_080.json,76.05,0.001,141
br02_081.json,81.05,0.001,120
br02_082.json,81.23,0.002,167
br02_083.json,77.43,0.002,159
br02_084.json,71.25,0.001,119
br02_085.json,83.30,0.004,208
br02_086.json,82.17,0.004,175
br02_087.json,83.91,0.001,131
br02_088.json,77.83,0.002,161
br02_089.json,73.39,0.001,130
br02_090.json,70.78,0.001,117
br02_091.json,87.74,0.004,179
br02_092.json,82.40,0.001,117
br02_093.json,80.79,0.001,120
br02_094.json,83.00,0.003,180
br02_095.json,82.35,0.002,167
br02_096.json,87.45,0.007,203
br02_097.json,88.09,0.004,178
br02_098.json,85.34,0.002,160
br02_099.json,89.79,0.004,184
br02_100.json,83.93,0.002,160
br03_001.json,78.43,0.001,128
br03_002.json,90.04,0.002,143
br03_003.json,83.30,0.002,166
br03_004.json,83.08,0.005,195
br03_005.json,81.66,0.001,141
br03_006.json,82.03,0.003,167
br03_007.json,79.83,0.003,167
br03_008.json,79.34,0.001,136
br03_009.json,79.09,0.002,160
br03_010.json,86.54,0.005,192
br03_011.json,84.09,0.001,146
br03_012.json,80.86,0.001,135
br03_013.json,86.89,0.005,204
br03_014.json,85.97,0.001,136
br03_015.json,85.45,0.001,135
br03_016.json,82.32,0.002,152
br03_017.json,82.97,0.001,123
br03_018.json,82.36,0.001,123
br03_019.json,87.95,0.004,189
br03_020.json,84.18,0.001,161
br03_021.json,82.30,0.001,128
br03_022.json,85.68,0.001,141
br03_023.json,81.55,0.001,157
br03_024.json,86.98,0.001,141
br03_025.json,77.02,0.002,161
br03_026.json,82.09,0.003,178
br03_027.json,85.87,0.001,147
br03_028.json,76.82,0.003,166
br03_029.json,80.45,0.006,201
br03_030.json,82.57,0.003,178
br03_031.json,77.53,0.002,161
br03_032.json,84.12,0.003,165
br03_033.json,87.32,0.001,158
br03_034.json,84.68,0.003,180
br03_035.json,83.96,0.003,170
br03_036.json,89.15,0.002,141
br03_037.json,87.89,0.001,141
br03_038.json,79.13,0.001,135
br03_039.json,84.81,0.011,227
br03_040.json,78.42,0.001,123
br03_041.json,84.69,0.001,149
br03_042.json,83.01,0.002,158
br03_043.json,83.32,0.001,127
br03_044.json,78.62,0.002,165
br03_045.json,86.08,0.002,169
br03_046.json,78.50,0.001,140
br03_047.json,81.98,0.003,169
br03_048.json,83.74,0.001,135
br03_049.json,84.42,0.001,137
br03_050.json,86.13,0.002,161
br03_051.json,80.55,0.003,181
br03_052.json,83.78,0.002,166
br03_053.json,80.83,0.001,133
br03_054.json,83.84,0.004,190
br03_055.json,78.22,0.003,174
br03_056.json,80.99,0.006,213
br03_057.json,83.91,0.002,145
br03_058.json,78.22,0.001,124
br03_059.json,78.24,0.008,216
br03_060.json,79.96,0.002,142
br03_061.json,84.54,0.001,126
br03_062.json,81.17,0.002,143
br03_063.json,79.66,0.001,149
br03_064.json,73.89,0.001,160
br03_065.json,81.90,0.003,164
br03_066.json,80.99,0.001,131
br03_067.json,78.32,0.004,184
br03_068.json,84.47,0.002,146
br03_069.json,81.36,0.003,179
br03_070.json,78.89,0.001,138
br03_071.json,82.26,0.002,158
br03_072.json,82.18,0.002,163
br03_073.json,79.52,0.001,136
br03_074.json,77.82,0.001,142
br03_075.json,81.12,0.002,164
br03_076.json,83.11,0.002,167
br03_077.json,82.59,0.006,206
br03_078.json,81.59,0.002,174
br03_079.json,83.42,0.005,201
br03_080.json,77.88,0.001,142
br03_081.json,79.53,0.001,119
br03_082.json,83.85,0.003,187
br03_083.json,80.68,0.002,164
br03_084.json,77.84,0.001,133
br03_085.json,86.92,0.002,168
br03_086.json,79.38,0.003,174
br03_087.json,87.15,0.002,151
br03_088.json,73.21,0.003,182
br03_089.json,74.61,0.001,126
br03_090.json,80.64,0.001,122
br03_091.json,88.10,0.004,194
br03_092.json,82.07,0.001,131
br03_093.json,78.84,0.001,122
br03_094.json,84.32,0.003,174
br03_095.json,88.23,0.003,190
br03_096.json,83.41,0.005,203
br03_097.json,81.73,0.004,182
br03_098.json,75.36,0.002,150
br03_099.json,85.02,0.001,140
br03_100.json,86.61,0.002,162
br04_001.json,70.31,0.001,139
br04_002.json,84.27,0.001,151
br04_003.json,83.39,0.002,163
br04_004.json,79.95,0.003,186
br04_005.json,83.36,0.001,159
br04_006.json,82.64,0.002,162
br04_007.json,83.25,0.002,165
br04_008.json,78.39,0.001,140
br04_009.json,79.42,0.003,173
br04_010.json,82.82,0.002,162
br04_011.json,79.42,0.001,153
br04_012.json,82.81,0.001,145
br04_013.json,84.15,0.003,186
br04_014.json,84.84,0.001,139
br04_015.json,82.02,0.001,136
br04_016.json,80.46,0.003,165
br04_017.json,81.56,0.001,129
br04_018.json,78.07,0.001,118
br04_019.json,79.87,0.002,166
br04_020.json,82.40,0.002,166
br04_021.json,75.89,0.001,144
br04_022.json,84.05,0.001,143
br04_023.json,81.42,0.001,134
br04_024.json,82.56,0.003,164
br04_025.json,74.78,0.002,162
br04_026.json,72.09,0.002,178
br04_027.json,84.06,0.001,148
br04_028.json,84.33,0.004,191
br04_029.json,83.98,0.002,154
br04_030.json,87.49,0.003,174
br04_031.json,78.85,0.003,170
br04_032.json,82.40,0.003,177
br04_033.json,86.39,0.002,161
br04_034.json,79.07,0.002,164
br04_035.json,82.65,0.003,174
br04_036.json,85.01,0.002,161
br04_037.json,86.81,0.002,164
br04_038.json,76.16,0.001,146
br04_039.json,86.49,0.009,225
br04_040.json,76.43,0.001,137
br04_041.json,84.40,0.001,144
br04_042.json,82.76,0.002,150
br04_043.json,82.59,0.001,128
br04_044.json,78.03,0.001,164
br04_045.json,80.52,0.003,179
br04_046.json,81.61,0.001,134
br04_047.json,76.56,0.003,165
br04_048.json,82.52,0.001,141
br04_049.json,77.58,0.001,139
br04_050.json,84.01,0.004,185
br04_051.json,78.00,0.003,197
br04_052.json,81.90,0.002,169
br04_053.json,81.72,0.001,136
br04_054.json,84.46,0.003,188
br04_055.json,75.68,0.002,169
br04_056.json,84.56,0.009,230
br04_057.json,85.09,0.001,132
br04_058.json,82.34,0.001,139
br04_059.json,80.92,0.006,207
br04_060.json,77.99,0.002,152
br04_061.json,83.46,0.001,150
br04_062.json,84.08,0.002,153
br04_063.json,84.00,0.001,136
br04_064.json,80.54,0.001,148
br04_065.json,85.14,0.003,177
br04_066.json,85.36,0.001,139
br04_067.json,79.11,0.003,187
br04_068.json,82.12,0.001,138
br04_069.json,79.73,0.003,178
br04_070.json,77.26,0.001,147
br04_071.json,78.43,0.002,165
br04_072.json,85.08,0.002,159
br04_073.json,78.99,0.001,147
br04_074.json,81.48,0.001,129
br04_075.json,82.03,0.002,172
br04_076.json,83.82,0.002,147
br04_077.json,83.79,0.004,193
br04_078.json,82.27,0.002,183
br04_079.json,85.35,0.007,219
br04_080.json,77.88,0.002,161
br04_081.json,79.02,0.001,138
br04_082.json,82.16,0.002,175
br04_083.json,80.99,0.002,155
br04_084.json,85.06,0.001,152
br04_085.json,87.74,0.001,151
br04_086.json,83.92,0.003,175
br04_087.json,83.32,0.001,141
br04_088.json,75.90,0.004,192
br04_089.json,79.35,0.001,131
br04_090.json,80.95,0.001,131
br04_091.json,87.95,0.003,163
br04_092.json,86.49,0.001,130
br04_093.json,78.86,0.001,120
br04_094.json,86.57,0.002,168
br04_095.json,79.44,0.003,194
br04_096.json,85.79,0.002,172
br04_097.json,84.11,0.003,168
br04_098.json,81.47,0.002,147
br04_099.json,85.36,0.002,162
br04_100.json,88.25,0.003,169
br05_001.json,78.37,0.001,136
br05_002.json,85.09,0.002,167
br05_003.json,75.75,0.002,164
br05_004.json,82.66,0.002,170
br05_005.json,86.59,0.001,161
br05_006.json,83.44,0.003,169
br05_007.json,80.02,0.002,163
br05_008.json,74.28,0.001,136
br05_009.json,81.38,0.002,165
br05_010.json,82.65,0.002,164
br05_011.json,83.75,0.002,171
br05_012.json,77.48,0.001,144
br05_013.json,88.70,0.005,208
br05_014.json,86.70,0.002,153
br05_015.json,80.54,0.001,141
br05_016.json,78.52,0.001,150
br05_017.json,83.03,0.001,143
br05_018.json,81.93,0.001,128
br05_019.json,84.75,0.003,170
br05_020.json,82.53,0.002,167
br05_021.json,85.25,0.002,156
br05_022.json,82.94,0.001,148
br05_023.json,87.08,0.002,170
br05_024.json,81.05,0.001,145
br05_025.json,75.03,0.002,170
br05_026.json,79.13,0.003,183
br05_027.json,85.91,0.002,151
br05_028.json,80.87,0.004,196
br05_029.json,82.20,0.002,151
br05_030.json,85.41,0.003,165
br05_031.json,72.15,0.002,173
br05_032.json,81.84,0.004,184
br05_033.json,82.90,0.002,170
br05_034.json,85.48,0.001,147
br05_035.json,85.69,0.002,170
br05_036.json,86.56,0.002,154
br05_037.json,83.32,0.002,152
br05_038.json,79.37,0.001,150
br05_039.json,81.61,0.006,207
br05_040.json,79.19,0.001,141
br05_041.json,83.65,0.002,164
br05_042.json,83.07,0.001,146
br05_043.json,83.32,0.001,146
br05_044.json,72.37,0.001,165
br05_045.json,79.64,0.006,190
br05_046.json,83.27,0.001,136
br05_047.json,74.94,0.002,172
br05_048.json,83.56,0.001,145
br05_049.json,80.50,0.001,140
br05_050.json,79.87,0.004,190
br05_051.json,85.92,0.006,206
br05_052.json,75.23,0.001,168
br05_053.json,82.17,0.001,152
br05_054.json,83.56,0.003,198
br05_055.json,80.34,0.002,166
br05_056.json,83.54,0.007,221
br05_057.json,85.24,0.001,140
br05_058.json,84.70,0.001,147
br05_059.json,85.54,0.003,178
br05_060.json,81.70,0.002,156
br05_061.json,83.35,0.001,142
br05_062.json,83.32,0.002,163
br05_063.json,79.03,0.001,141
br05_064.json,79.51,0.001,147
br05_065.json,83.50,0.003,182
br05_066.json,86.82,0.001,143
br05_067.json,79.02,0.002,169
br05_068.json,82.62,0.001,140
br05_069.json,80.33,0.002,180
br05_070.json,77.94,0.001,143
br05_071.json,83.01,0.002,170
br05_072.json,83.38,0.002,166
br05_073.json,78.94,0.001,156
br05_074.json,79.32,0.001,138
br05_075.json,78.91,0.001,148
br05_076.json,82.03,0.001,146
br05_077.json,83.06,0.004,190
br05_078.json,83.24,0.003,184
br05_079.json,85.91,0.005,202
br05_080.json,73.59,0.008,170
br05_081.json,78.73,0.001,138
br05_082.json,80.56,0.002,165
br05_083.json,82.29,0.008,156
br05_084.json,83.41,0.004,167
br05_085.json,88.09,0.004,155
br05_086.json,81.86,0.004,155
br05_087.json,83.87,0.002,146
br05_088.json,76.56,0.007,189
br05_089.json,80.51,0.003,133
br05_090.json,80.29,0.001,136
br05_091.json,84.84,0.003,168
br05_092.json,86.87,0.004,148
br05_093.json,79.10,0.002,127
br05_094.json,80.15,0.004,162
br05_095.json,79.59,0.008,199
br05_096.json,83.85,0.007,178
br05_097.json,84.73,0.005,166
br05_098.json,77.24,0.006,164
br05_099.json,85.39,0.004,165
br05_100.json,85.65,0.005,165
br06_001.json,83.57,0.002,164
br06_002.json,85.07,0.004,178
br06_003.json,78.29,0.004,170
br06_004.json,82.68,0.004,174
br06_005.json,77.96,0.002,174
br06_006.json,79.53,0.002,171
br06_007.json,78.37,0.001,156
br06_008.json,80.87,0.001,143
br06_009.json,81.23,0.002,157
br06_010.json,79.02,0.003,174
br06_011.json,88.02,0.002,166
br06_012.json,79.84,0.001,155
br06_013.json,79.13,0.006,214
br06_014.json,80.47,0.002,174
br06_015.json,80.78,0.001,138
br06_016.json,82.46,0.002,155
br06_017.json,84.13,0.002,154
br06_018.json,79.61,0.001,132
br06_019.json,84.14,0.002,166
br06_020.json,81.68,0.002,171
br06_021.json,80.15,0.001,164
br06_022.json,83.70,0.002,166
br06_023.json,82.06,0.001,151
br06_024.json,83.31,0.001,143
br06_025.json,74.09,0.003,170
br06_026.json,79.52,0.003,188
br06_027.json,82.37,0.002,159
br06_028.json,83.10,0.002,180
br06_029.json,79.59,0.002,170
br06_030.json,81.50,0.002,168
br06_031.json,75.89,0.003,184
br06_032.json,81.48,0.002,173
br06_033.json,84.26,0.002,173
br06_034.json,78.68,0.001,149
br06_035.json,81.97,0.003,180
br06_036.json,84.04,0.001,150
br06_037.json,84.58,0.001,145
br06_038.json,82.83,0.002,166
br06_039.json,73.21,0.004,201
br06_040.json,80.13,0.001,142
br06_041.json,77.59,0.002,165
br06_042.json,76.88,0.002,157
br06_043.json,82.33,0.001,146
br06_044.json,82.82,0.002,171
br06_045.json,78.90,0.003,183
br06_046.json,83.31,0.001,148
br06_047.json,76.15,0.003,176
br06_048.json,82.71,0.002,147
br06_049.json,81.73,0.001,146
br06_050.json,84.82,0.002,175
br06_051.json,80.27,0.004,196
br06_052.json,78.22,0.002,172
br06_053.json,81.90,0.001,159
br06_054.json,80.93,0.003,188
br06_055.json,77.68,0.003,174
br06_056.json,83.12,0.003,180
br06_057.json,83.71,0.001,148
br06_058.json,85.54,0.001,151
br06_059.json,83.93,0.002,158
br06_060.json,80.87,0.002,166
br06_061.json,79.18,0.001,147
br06_062.json,78.52,0.002,156
br06_063.json,80.39,0.001,150
br06_064.json,78.40,0.001,157
br06_065.json,80.12,0.003,183
br06_066.json,78.96,0.002,152
br06_067.json,85.14,0.003,178
br06_068.json,83.14,0.001,143
br06_069.json,81.56,0.003,190
br06_070.json,75.62,0.001,144
br06_071.json,82.70,0.002,170
br06_072.json,81.03,0.002,167
br06_073.json,81.61,0.001,150
br06_074.json,75.86,0.001,140
br06_075.json,81.60,0.001,156
br06_076.json,82.13,0.002,155
br06_077.json,74.26,0.004,184
br06_078.json,82.23,0.003,182
br06_079.json,76.81,0.003,190
br06_080.json,76.67,0.002,183
br06_081.json,78.72,0.001,136
br06_082.json,81.71,0.002,171
br06_083.json,81.70,0.002,165
br06_084.json,85.33,0.002,169
br06_085.json,83.79,0.002,159
br06_086.json,81.52,0.002,170
br06_087.json,83.19,0.001,146
br06_088.json,80.97,0.004,192
br06_089.json,79.00,0.001,141
br06_090.json,79.47,0.001,130
br06_091.json,80.92,0.001,156
br06_092.json,83.17,0.001,150
br06_093.json,77.95,0.001,131
br06_094.json,85.00,0.002,171
br06_095.json,82.40,0.002,181
br06_096.json,83.19,0.002,165
br06_097.json,81.54,0.002,172
br06_098.json,75.63,0.003,177
br06_099.json,80.07,0.001,154
br06_100.json,84.79,0.003,171
br07_001.json,81.55,0.001,153
br07_002.json,81.32,0.002,170
br07_003.json,78.86,0.002,164
br07_004.json,80.91,0.003,186
br07_005.json,79.42,0.001,163
br07_006.json,81.02,0.003,188
br07_007.json,80.99,0.001,152
br07_008.json,82.01,0.002,159
br07_009.json,76.99,0.002,170
br07_010.json,80.19,0.002,174
br07_011.json,82.61,0.002,179
br07_012.json,80.92,0.003,182
br07_013.json,81.04,0.004,198
br07_014.json,85.41,0.002,159
br07_015.json,79.72,0.002,158
br07_016.json,77.20,0.001,158
br07_017.json,85.14,0.002,163
br07_018.json,79.46,0.001,148
br07_019.json,82.74,0.002,174
br07_020.json,80.70,0.001,170
br07_021.json,80.21,0.002,172
br07_022.json,82.81,0.002,171
br07_023.json,80.16,0.002,189
br07_024.json,84.12,0.001,149
br07_025.json,71.14,0.002,170
br07_026.json,79.93,0.002,184
br07_027.json,84.36,0.002,160
br07_028.json,83.22,0.002,180
br07_029.json,83.29,0.001,158
br07_030.json,76.62,0.002,179
br07_031.json,73.82,0.003,191
br07_032.json,80.30,0.003,183
br07_033.json,81.64,0.002,179
br07_034.json,83.33,0.001,150
br07_035.json,81.46,0.004,192
br07_036.json,80.14,0.002,173
br07_037.json,80.23,0.001,146
br07_038.json,85.48,0.002,160
br07_039.json,83.40,0.004,196
br07_040.json,82.36,0.001,159
br07_041.json,78.98,0.002,165
br07_042.json,79.83,0.001,152
br07_043.json,82.95,0.001,143
br07_044.json,79.56,0.003,188
br07_045.json,81.02,0.002,177
br07_046.json,79.56,0.001,156
br07_047.json,81.52,0.003,184
br07_048.json,79.08,0.001,155
br07_049.json,83.61,0.002,171
br07_050.json,81.16,0.002,183
br07_051.json,82.42,0.004,195
br07_052.json,78.76,0.002,176
br07_053.json,79.29,0.001,161
br07_054.json,79.52,0.002,179
br07_055.json,78.66,0.003,178
br07_056.json,80.16,0.003,192
br07_057.json,81.08,0.002,165
br07_058.json,87.36,0.001,157
br07_059.json,78.55,0.002,170
br07_060.json,80.14,0.002,164
br07_061.json,82.57,0.001,146
br07_062.json,78.84,0.002,164
br07_063.json,79.55,0.001,151
br07_064.json,82.55,0.001,151
br07_065.json,83.62,0.004,196
br07_066.json,82.33,0.001,158
br07_067.json,75.75,0.003,192
br07_068.json,78.83,0.001,150
br07_069.json,80.69,0.003,187
br07_070.json,75.22,0.001,154
br07_071.json,81.82,0.002,165
br07_072.json,80.40,0.002,165
br07_073.json,76.29,0.001,160
br07_074.json,79.40,0.001,152
br07_075.json,80.84,0.001,169
br07_076.json,81.30,0.001,149
br07_077.json,78.90,0.004,189
br07_078.json,80.45,0.002,179
br07_079.json,84.19,0.004,194
br07_080.json,81.70,0.001,165
br07_081.json,78.43,0.001,153
br07_082.json,83.47,0.002,171
br07_083.json,82.74,0.003,177
br07_084.json,84.47,0.003,187
br07_085.json,85.53,0.001,152
br07_086.json,82.92,0.002,173
br07_087.json,80.45,0.001,158
br07_088.json,78.02,0.002,178
br07_089.json,81.54,0.001,150
br07_090.json,80.84,0.001,144
br07_091.json,82.59,0.001,150
br07_092.json,82.65,0.001,159
br07_093.json,76.98,0.001,139
br07_094.json,79.40,0.002,174
br07_095.json,78.20,0.002,181
br07_096.json,82.70,0.002,184
br07_097.json,77.86,0.001,162
br07_098.json,76.89,0.003,181
br07_099.json,84.25,0.002,180
br07_100.json,83.63,0.002,161
br08_001.json,79.55,0.002,189
br08_002.json,82.43,0.002,184
br08_003.json,74.28,0.002,185
br08_004.json,80.67,0.003,191
br08_005.json,77.89,0.002,194
br08_006.json,79.35,0.003,201
br08_007.json,74.74,0.001,163
br08_008.json,81.90,0.002,185
br08_009.json,74.40,0.002,166
br08_010.json,81.29,0.002,195
br08_011.json,81.84,0.002,180
br08_012.json,83.82,0.002,184
br08_013.json,80.33,0.003,202
br08_014.json,81.46,0.002,174
br08_015.json,81.49,0.001,166
br08_016.json,83.25,0.002,171
br08_017.json,80.46,0.002,165
br08_018.json,81.14,0.001,159
br08_019.json,81.66,0.001,181
br08_020.json,78.57,0.002,188
br08_021.json,79.70,0.002,170
br08_022.json,80.61,0.002,180
br08_023.json,83.25,0.002,184
br08_024.json,76.36,0.002,173
br08_025.json,75.38,0.002,181
br08_026.json,75.46,0.003,199
br08_027.json,84.52,0.002,184
br08_028.json,81.30,0.001,167
br08_029.json,80.40,0.001,171
br08_030.json,82.42,0.002,170
br08_031.json,74.32,0.003,196
br08_032.json,75.85,0.004,207
br08_033.json,77.92,0.002,181
br08_034.json,78.94,0.001,165
br08_035.json,76.92,0.003,189
br08_036.json,81.51,0.001,166
br08_037.json,82.20,0.001,155
br08_038.json,81.36,0.002,169
br08_039.json,77.74,0.003,200
br08_040.json,76.32,0.001,167
br08_041.json,82.41,0.002,167
br08_042.json,79.09,0.001,171
br08_043.json,81.21,0.001,160
br08_044.json,82.61,0.003,196
br08_045.json,79.07,0.002,186
br08_046.json,78.86,0.001,165
br08_047.json,82.53,0.002,185
br08_048.json,78.71,0.002,165
br08_049.json,83.76,0.002,172
br08_050.json,81.90,0.002,184
br08_051.json,80.10,0.002,195
br08_052.json,79.07,0.001,172
br08_053.json,81.34,0.002,182
br08_054.json,79.38,0.002,182
br08_055.json,77.30,0.003,198
br08_056.json,79.27,0.002,175
br08_057.json,79.87,0.001,163
br08_058.json,82.58,0.001,173
br08_059.json,78.11,0.002,181
br08_060.json,80.19,0.002,185
br08_061.json,80.83,0.001,157
br08_062.json,74.06,0.002,184
br08_063.json,79.18,0.002,169
br08_064.json,82.60,0.002,184
br08_065.json,78.98,0.002,181
br08_066.json,79.94,0.002,174
br08_067.json,77.73,0.002,184
br08_068.json,82.31,0.001,169
br08_069.json,79.49,0.002,180
br08_070.json,72.84,0.001,170
br08_071.json,81.50,0.002,180
br08_072.json,77.77,0.002,181
br08_073.json,78.44,0.002,188
br08_074.json,75.29,0.001,162
br08_075.json,80.21,0.002,180
br08_076.json,79.71,0.002,180
br08_077.json,83.25,0.003,193
br08_078.json,75.78,0.003,203
br08_079.json,77.41,0.004,209
br08_080.json,82.13,0.002,181
br08_081.json,78.29,0.001,163
br08_082.json,76.57,0.002,179
br08_083.json,82.43,0.002,185
br08_084.json,82.80,0.003,195
br08_085.json,76.53,0.002,183
br08_086.json,78.42,0.003,190
br08_087.json,77.59,0.002,185
br08_088.json,77.97,0.002,192
br08_089.json,83.71,0.001,161
br08_090.json,75.23,0.001,165
br08_091.json,80.56,0.001,164
br08_092.json,83.06,0.002,184
br08_093.json,80.38,0.001,151
br08_094.json,80.36,0.002,191
br08_095.json,78.02,0.002,184
br08_096.json,83.12,0.002,181
br08_097.json,81.36,0.002,180
br08_098.json,78.75,0.002,184
br08_099.json,81.14,0.002,194
br08_100.json,82.40,0.002,172
br09_001.json,78.07,0.002,202
br09_002.json,76.08,0.002,185
br09_003.json,74.08,0.002,183
br09_004.json,79.19,0.002,194
br09_005.json,77.04,0.002,199
br09_006.json,79.04,0.002,200
br09_007.json,76.60,0.002,191
br09_008.json,75.24,0.001,177
br09_009.json,75.56,0.001,170
br09_010.json,82.69,0.001,177
br09_011.json,81.70,0.002,181
br09_012.json,76.62,0.001,177
br09_013.json,81.55,0.002,206
br09_014.json,76.14,0.002,184
br09_015.json,74.66,0.002,182
br09_016.json,81.39,0.002,184
br09_017.json,76.39,0.002,183
br09_018.json,78.93,0.001,178
br09_019.json,76.40,0.001,186
br09_020.json,76.96,0.001,191
br09_021.json,75.96,0.002,175
br09_022.json,78.14,0.002,184
br09_023.json,80.65,0.001,182
br09_024.json,81.00,0.001,166
br09_025.json,78.70,0.002,182
br09_026.json,75.10,0.003,201
br09_027.json,79.28,0.002,182
br09_028.json,75.06,0.001,178
br09_029.json,77.81,0.002,194
br09_030.json,78.03,0.002,191
br09_031.json,80.14,0.002,194
br09_032.json,78.62,0.003,205
br09_033.json,79.14,0.002,195
br09_034.json,79.82,0.001,182
br09_035.json,77.91,0.002,193
br09_036.json,80.45,0.002,193
br09_037.json,80.76,0.002,184
br09_038.json,80.11,0.001,173
br09_039.json,75.24,0.003,207
br09_040.json,76.48,0.001,175
br09_041.json,78.95,0.002,183
br09_042.json,80.22,0.002,197
br09_043.json,81.54,0.001,168
br09_044.json,75.35,0.004,220
br09_045.json,78.89,0.001,184
br09_046.json,75.37,0.002,196
br09_047.json,80.14,0.002,191
br09_048.json,78.29,0.001,175
br09_049.json,80.22,0.001,175
br09_050.json,79.40,0.002,200
br09_051.json,78.75,0.002,203
br09_052.json,79.20,0.001,184
br09_053.json,80.88,0.001,181
br09_054.json,75.39,0.002,204
br09_055.json,75.49,0.002,191
br09_056.json,78.61,0.001,179
br09_057.json,76.99,0.001,180
br09_058.json,78.31,0.002,204
br09_059.json,74.93,0.002,198
br09_060.json,78.22,0.002,199
br09_061.json,79.93,0.001,165
br09_062.json,74.65,0.002,182
br09_063.json,78.93,0.001,178
br09_064.json,82.61,0.002,196
br09_065.json,76.71,0.002,200
br09_066.json,81.49,0.001,178
br09_067.json,76.50,0.002,180
br09_068.json,74.48,0.001,178
br09_069.json,76.64,0.001,193
br09_070.json,75.74,0.002,187
br09_071.json,82.31,0.002,201
br09_072.json,77.87,0.001,177
br09_073.json,79.01,0.002,191
br09_074.json,76.79,0.001,176
br09_075.json,78.44,0.002,200
br09_076.json,79.48,0.002,185
br09_077.json,78.99,0.003,207
br09_078.json,78.59,0.003,204
br09_079.json,82.41,0.003,205
br09_080.json,80.11,0.001,177
br09_081.json,73.95,0.001,173
br09_082.json,73.98,0.001,183
br09_083.json,79.77,0.003,204
br09_084.json,78.37,0.003,208
br09_085.json,79.00,0.001,184
br09_086.json,76.18,0.002,198
br09_087.json,83.95,0.002,191
br09_088.json,74.99,0.003,208
br09_089.json,80.52,0.002,177
br09_090.json,77.42,0.001,177
br09_091.json,78.90,0.001,174
br09_092.json,76.89,0.002,196
br09_093.json,80.32,0.002,180
br09_094.json,76.55,0.002,195
br09_095.json,79.83,0.002,196
br09_096.json,75.86,0.002,200
br09_097.json,75.69,0.002,192
br09_098.json,76.80,0.003,206
br09_099.json,78.71,0.003,213
br09_100.json,79.29,0.002,191
br10_001.json,75.84,0.002,206
br10_002.json,76.37,0.002,193
br10_003.json,75.80,0.002,205
br10_004.json,77.27,0.002,192
br10_005.json,78.58,0.002,203
br10_006.json,72.49,0.002,221
br10_007.json,72.05,0.002,196
br10_008.json,77.28,0.002,193
br10_009.json,75.62,0.001,183
br10_010.json,73.63,0.002,195
br10_011.json,79.29,0.002,194
br10_012.json,78.16,0.001,190
br10_013.json,75.31,0.003,219
br10_014.json,75.17,0.001,189
br10_015.json,76.41,0.001,186
br10_016.json,75.80,0.002,201
br10_017.json,73.61,0.002,203
br10_018.json,76.57,0.001,188
br10_019.json,79.40,0.001,191
br10_020.json,76.68,0.002,194
br10_021.json,72.62,0.001,187
br10_022.json,77.37,0.002,196
br10_023.json,72.40,0.001,194
br10_024.json,76.48,0.001,185
br10_025.json,74.59,0.002,201
br10_026.json,75.33,0.002,217
br10_027.json,77.07,0.002,213
br10_028.json,78.58,0.001,191
br10_029.json,73.41,0.002,205
br10_030.json,76.89,0.002,208
br10_031.json,76.30,0.002,205
br10_032.json,76.06,0.002,212
br10_033.json,74.88,0.002,210
br10_034.json,75.44,0.001,191
br10_035.json,76.43,0.002,195
br10_036.json,75.96,0.002,195
br10_037.json,81.51,0.002,193
br10_038.json,77.84,0.002,193
br10_039.json,75.05,0.003,224
br10_040.json,74.54,0.001,188
br10_041.json,75.80,0.002,193
br10_042.json,76.96,0.002,197
br10_043.json,81.52,0.001,183
br10_044.json,77.98,0.003,222
br10_045.json,72.54,0.002,205
br10_046.json,76.35,0.002,202
br10_047.json,76.09,0.002,209
br10_048.json,71.87,0.002,191
br10_049.json,76.16,0.001,188
br10_050.json,77.50,0.002,206
br10_051.json,80.43,0.002,209
br10_052.json,76.55,0.001,186
br10_053.json,78.18,0.002,208
br10_054.json,78.50,0.003,214
br10_055.json,75.79,0.002,213
br10_056.json,75.60,0.001,200
br10_057.json,80.58,0.001,179
br10_058.json,78.66,0.002,216
br10_059.json,75.62,0.002,196
br10_060.json,76.60,0.002,213
br10_061.json,79.12,0.001,178
br10_062.json,76.07,0.002,191
br10_063.json,75.99,0.001,188
br10_064.json,76.89,0.002,204
br10_065.json,75.07,0.002,205
br10_066.json,78.53,0.001,191
br10_067.json,71.32,0.001,191
br10_068.json,74.29,0.001,186
br10_069.json,74.57,0.002,208
br10_070.json,71.94,0.002,205
br10_071.json,79.41,0.002,207
br10_072.json,74.65,0.001,187
br10_073.json,77.79,0.002,207
br10_074.json,77.51,0.001,191
br10_075.json,79.21,0.002,208
br10_076.json,78.20,0.001,191
br10_077.json,77.08,0.002,213
br10_078.json,81.60,0.003,195
br10_079.json,75.51,0.004,216
br10_080.json,80.03,0.001,194
br10_081.json,75.71,0.001,183
br10_082.json,78.07,0.002,202
br10_083.json,79.98,0.003,216
br10_084.json,76.21,0.002,211
br10_085.json,77.78,0.002,203
br10_086.json,76.79,0.003,213
br10_087.json,76.39,0.002,205
br10_088.json,76.12,0.002,205
br10_089.json,80.57,0.002,196
br10_090.json,77.96,0.001,180
br10_091.json,76.41,0.001,188
br10_092.json,77.25,0.002,193
br10_093.json,81.28,0.002,197
br10_094.json,74.77,0.003,211
br10_095.json,74.62,0.003,206
br10_096.json,74.34,0.002,208
br10_097.json,77.31,0.003,210
br10_098.json,75.59,0.004,219
br10_099.json,75.71,0.003,218
br10_100.json,81.21,0.002,194
br11_001.json,77.09,0.002,206
br11_002.json,77.06,0.002,219
br11_003.json,73.79,0.001,201
br11_004.json,77.84,0.002,207
br11_005.json,73.66,0.002,215
br11_006.json,76.02,0.003,229
br11_007.json,73.06,0.001,199
br11_008.json,72.99,0.001,203
br11_009.json,76.18,0.001,190
br11_010.json,78.38,0.001,199
br11_011.json,79.09,0.001,200
br11_012.json,77.64,0.001,204
br11_013.json,76.08,0.002,221
br11_014.json,75.14,0.002,199
br11_015.json,75.94,0.002,207
br11_016.json,77.45,0.001,199
br11_017.json,77.37,0.002,214
br11_018.json,75.71,0.001,195
br11_019.json,76.21,0.002,204
br11_020.json,75.80,0.002,217
br11_021.json,73.20,0.002,203
br11_022.json,76.56,0.002,203
br11_023.json,72.26,0.001,197
br11_024.json,75.42,0.001,193
br11_025.json,73.72,0.002,215
br11_026.json,76.54,0.002,219
br11_027.json,77.33,0.001,199
br11_028.json,75.72,0.001,203
br11_029.json,74.89,0.002,213
br11_030.json,76.24,0.002,215
br11_031.json,73.45,0.002,213
br11_032.json,71.63,0.003,221
br11_033.json,72.50,0.002,217
br11_034.json,72.99,0.002,202
br11_035.json,72.19,0.001,198
br11_036.json,76.21,0.002,225
br11_037.json,77.88,0.002,206
br11_038.json,75.23,0.002,212
br11_039.json,76.19,0.003,222
br11_040.json,77.21,0.001,193
br11_041.json,76.31,0.002,215
br11_042.json,75.63,0.002,207
br11_043.json,74.18,0.002,201
br11_044.json,77.57,0.003,223
br11_045.json,72.28,0.002,216
br11_046.json,72.78,0.001,200
br11_047.json,73.00,0.002,216
br11_048.json,72.74,0.002,200
br11_049.json,77.88,0.002,201
br11_050.json,76.69,0.002,216
br11_051.json,76.63,0.003,229
br11_052.json,74.41,0.002,203
br11_053.json,76.20,0.002,217
br11_054.json,77.08,0.004,232
br11_055.json,78.25,0.002,218
br11_056.json,75.04,0.001,211
br11_057.json,74.31,0.001,197
br11_058.json,78.43,0.002,216
br11_059.json,74.88,0.002,212
br11_060.json,79.32,0.003,226
br11_061.json,76.64,0.001,188
br11_062.json,78.07,0.002,211
br11_063.json,75.46,0.002,198
br11_064.json,75.60,0.002,210
br11_065.json,78.77,0.002,201
br11_066.json,78.67,0.002,214
br11_067.json,74.53,0.001,199
br11_068.json,75.76,0.001,196
br11_069.json,76.55,0.002,222
br11_070.json,67.95,0.002,212
br11_071.json,77.42,0.002,214
br11_072.json,75.95,0.002,202
br11_073.json,78.83,0.002,205
br11_074.json,74.44,0.001,200
br11_075.json,79.82,0.002,216
br11_076.json,74.42,0.002,207
br11_077.json,75.05,0.003,225
br11_078.json,76.98,0.003,218
br11_079.json,75.62,0.003,223
br11_080.json,73.09,0.002,216
br11_081.json,73.34,0.001,193
br11_082.json,75.62,0.001,202
br11_083.json,78.08,0.003,223
br11_084.json,73.77,0.003,223
br11_085.json,74.55,0.002,218
br11_086.json,77.48,0.002,215
br11_087.json,72.56,0.002,207
br11_088.json,75.81,0.002,210
br11_089.json,73.19,0.002,213
br11_090.json,75.52,0.002,199
br11_091.json,77.46,0.001,198
br11_092.json,75.08,0.002,215
br11_093.json,81.25,0.001,196
br11_094.json,78.55,0.003,224
br11_095.json,71.24,0.002,217
br11_096.json,75.00,0.002,217
br11_097.json,76.30,0.002,211
br11_098.json,76.78,0.003,229
br11_099.json,76.17,0.003,227
br11_100.json,74.50,0.002,205
br12_001.json,72.48,0.002,228
br12_002.json,76.74,0.002,219
br12_003.json,70.79,0.002,215
br12_004.json,78.18,0.002,215
br12_005.json,74.18,0.005,226
br12_006.json,74.11,0.010,241
br12_007.json,71.53,0.003,213
br12_008.json,74.95,0.003,212
br12_009.json,75.54,0.001,206
br12_010.json,74.70,0.002,216
br12_011.json,75.88,0.002,214
br12_012.json,75.67,0.004,216
br12_013.json,75.46,0.003,229
br12_014.json,76.73,0.002,207
br12_015.json,77.72,0.002,212
br12_016.json,78.44,0.001,215
br12_017.json,73.26,0.002,229
br12_018.json,75.42,0.001,214
br12_019.json,74.53,0.001,212
br12_020.json,74.97,0.002,232
br12_021.json,72.33,0.002,217
br12_022.json,73.62,0.002,228
br12_023.json,78.88,0.001,213
br12_024.json,74.48,0.001,209
br12_025.json,74.46,0.002,226
br12_026.json,75.30,0.002,235
br12_027.json,75.75,0.002,217
br12_028.json,72.34,0.002,225
br12_029.json,74.01,0.002,224
br12_030.json,75.43,0.002,228
br12_031.json,75.68,0.002,227
br12_032.json,77.00,0.002,233
br12_033.json,74.28,0.002,218
br12_034.json,79.84,0.001,206
br12_035.json,74.16,0.002,224
br12_036.json,74.67,0.002,232
br12_037.json,76.11,0.002,219
br12_038.json,76.98,0.002,218
br12_039.json,73.17,0.003,239
br12_040.json,75.25,0.002,216
br12_041.json,74.57,0.002,227
br12_042.json,74.25,0.002,229
br12_043.json,76.84,0.001,208
br12_044.json,75.80,0.003,240
br12_045.json,74.01,0.002,218
br12_046.json,74.70,0.001,213
br12_047.json,74.57,0.002,226
br12_048.json,72.72,0.002,224
br12_049.json,78.86,0.002,214
br12_050.json,71.23,0.003,236
br12_051.json,74.01,0.003,241
br12_052.json,76.81,0.001,213
br12_053.json,73.84,0.002,236
br12_054.json,77.62,0.003,241
br12_055.json,74.16,0.002,232
br12_056.json,73.88,0.002,219
br12_057.json,72.86,0.002,215
br12_058.json,74.42,0.002,225
br12_059.json,76.06,0.002,219
br12_060.json,77.08,0.002,228
br12_061.json,72.94,0.001,210
br12_062.json,76.86,0.002,228
br12_063.json,76.90,0.002,212
br12_064.json,74.20,0.002,224
br12_065.json,76.95,0.002,227
br12_066.json,81.35,0.002,216
br12_067.json,73.60,0.001,208
br12_068.json,78.51,0.002,212
br12_069.json,72.52,0.002,230
br12_070.json,74.29,0.002,215
br12_071.json,75.83,0.002,236
br12_072.json,72.72,0.001,211
br12_073.json,73.41,0.002,217
br12_074.json,75.71,0.002,214
br12_075.json,76.20,0.002,226
br12_076.json,73.51,0.002,229
br12_077.json,77.11,0.003,236
br12_078.json,74.86,0.002,225
br12_079.json,74.50,0.002,235
br12_080.json,78.61,0.002,230
br12_081.json,71.41,0.001,207
br12_082.json,74.29,0.001,214
br12_083.json,78.26,0.002,218
br12_084.json,73.65,0.002,237
br12_085.json,74.24,0.002,230
br12_086.json,76.02,0.002,227
br12_087.json,74.84,0.002,231
br12_088.json,72.01,0.002,223
br12_089.json,76.60,0.002,214
br12_090.json,74.95,0.002,214
br12_091.json,78.44,0.001,209
br12_092.json,75.93,0.002,228
br12_093.json,76.47,0.001,206
br12_094.json,75.85,0.002,236
br12_095.json,73.26,0.002,229
br12_096.json,72.02,0.002,226
br12_097.json,70.13,0.002,229
br12_098.json,75.07,0.003,244
br12_099.json,73.35,0.002,232
br12_100.json,73.58,0.002,218
br13_001.json,72.36,0.002,228
br13_002.json,76.95,0.002,238
br13_003.json,65.24,0.002,234
br13_004.json,77.47,0.002,224
br13_005.json,75.35,0.002,238
br13_006.json,74.28,0.003,256
br13_007.json,72.37,0.002,228
br13_008.json,73.51,0.002,228
br13_009.json,72.52,0.002,221
br13_010.json,76.26,0.002,227
br13_011.json,75.11,0.001,224
br13_012.json,76.39,0.002,223
br13_013.json,77.22,0.002,239
br13_014.json,73.56,0.002,227
br13_015.json,74.68,0.002,237
br13_016.json,72.24,0.001,225
br13_017.json,74.27,0.002,233
br13_018.json,75.89,0.001,219
br13_019.json,77.28,0.001,222
br13_020.json,73.12,0.002,240
br13_021.json,73.13,0.002,224
br13_022.json,74.11,0.002,229
br13_023.json,74.91,0.001,219
br13_024.json,70.69,0.001,217
br13_025.json,73.09,0.002,241
br13_026.json,72.14,0.002,242
br13_027.json,73.82,0.002,228
br13_028.json,72.99,0.002,227
br13_029.json,71.09,0.001,225
br13_030.json,76.33,0.002,236
br13_031.json,74.27,0.002,233
br13_032.json,71.94,0.003,247
br13_033.json,72.17,0.002,234
br13_034.json,77.39,0.001,217
br13_035.json,73.15,0.002,235
br13_036.json,71.87,0.002,242
br13_037.json,75.99,0.002,225
br13_038.json,76.89,0.002,233
br13_039.json,75.70,0.003,249
br13_040.json,74.00,0.002,229
br13_041.json,75.29,0.002,237
br13_042.json,76.13,0.002,225
br13_043.json,73.50,0.001,220
br13_044.json,77.27,0.002,240
br13_045.json,72.61,0.002,227
br13_046.json,72.15,0.002,235
br13_047.json,74.09,0.002,234
br13_048.json,71.80,0.002,236
br13_049.json,75.88,0.002,223
br13_050.json,70.80,0.002,244
br13_051.json,72.67,0.002,243
br13_052.json,74.07,0.002,228
br13_053.json,73.03,0.002,241
br13_054.json,73.80,0.004,253
br13_055.json,74.80,0.002,240
br13_056.json,77.14,0.002,226
br13_057.json,75.38,0.002,232
br13_058.json,76.47,0.002,234
br13_059.json,76.23,0.002,236
br13_060.json,69.93,0.002,242
br13_061.json,73.60,0.001,220
br13_062.json,72.69,0.002,239
br13_063.json,75.13,0.002,226
br13_064.json,74.51,0.002,235
br13_065.json,73.74,0.002,229
br13_066.json,78.19,0.001,226
br13_067.json,73.45,0.002,219
br13_068.json,75.56,0.001,225
br13_069.json,69.45,0.002,240
br13_070.json,70.70,0.002,230
br13_071.json,72.61,0.002,240
br13_072.json,71.69,0.002,226
br13_073.json,75.70,0.002,228
br13_074.json,71.19,0.001,219
br13_075.json,72.56,0.002,246
br13_076.json,73.49,0.002,228
br13_077.json,72.74,0.002,239
br13_078.json,72.87,0.002,240
br13_079.json,76.96,0.003,249
br13_080.json,72.32,0.002,242
br13_081.json,68.82,0.001,218
br13_082.json,73.25,0.001,220
br13_083.json,75.36,0.002,239
br13_084.json,73.15,0.002,239
br13_085.json,74.15,0.003,249
br13_086.json,70.93,0.002,240
br13_087.json,74.41,0.002,243
br13_088.json,70.98,0.002,226
br13_089.json,77.44,0.002,228
br13_090.json,76.93,0.002,224
br13_091.json,73.57,0.001,220
br13_092.json,74.58,0.002,242
br13_093.json,73.61,0.002,218
br13_094.json,76.24,0.002,245
br13_095.json,70.06,0.002,232
br13_096.json,73.36,0.002,236
br13_097.json,74.83,0.002,228
br13_098.json,74.38,0.002,242
br13_099.json,75.89,0.003,248
br13_100.json,72.52,0.002,236
br14_001.json,74.72,0.002,233
br14_002.json,74.07,0.002,251
br14_003.json,69.94,0.002,236
br14_004.json,76.30,0.002,234
br14_005.json,71.85,0.002,248
br14_006.json,71.13,0.003,265
br14_007.json,73.54,0.002,235
br14_008.json,69.28,0.002,239
br14_009.json,69.88,0.002,232
br14_010.json,72.54,0.002,244
br14_011.json,69.60,0.002,240
br14_012.json,71.77,0.002,232
br14_013.json,72.22,0.002,246
br14_014.json,72.85,0.002,243
br14_015.json,74.56,0.002,235
br14_016.json,72.41,0.002,236
br14_017.json,74.86,0.002,239
br14_018.json,74.19,0.001,231
br14_019.json,71.13,0.002,246
br14_020.json,70.39,0.002,245
br14_021.json,75.68,0.002,235
br14_022.json,73.81,0.002,236
br14_023.json,73.08,0.002,233
br14_024.json,70.06,0.001,231
br14_025.json,72.95,0.002,244
br14_026.json,70.49,0.002,256
br14_027.json,74.40,0.002,243
br14_028.json,71.59,0.002,245
br14_029.json,75.03,0.002,246
br14_030.json,73.18,0.002,252
br14_031.json,72.95,0.002,245
br14_032.json,73.35,0.002,254
br14_033.json,69.75,0.002,244
br14_034.json,73.51,0.002,237
br14_035.json,71.27,0.002,237
br14_036.json,75.58,0.002,245
br14_037.json,73.64,0.002,240
br14_038.json,71.29,0.002,247
br14_039.json,72.57,0.003,257
br14_040.json,74.42,0.002,238
br14_041.json,74.64,0.002,243
br14_042.json,74.33,0.002,236
br14_043.json,72.25,0.001,237
br14_044.json,70.60,0.002,257
br14_045.json,74.23,0.002,237
br14_046.json,73.42,0.001,235
br14_047.json,73.22,0.002,238
br14_048.json,74.77,0.002,234
br14_049.json,74.21,0.002,232
br14_050.json,71.88,0.002,252
br14_051.json,74.40,0.003,255
br14_052.json,73.39,0.002,237
br14_053.json,73.05,0.002,250
br14_054.json,72.90,0.003,260
br14_055.json,75.07,0.002,238
br14_056.json,76.79,0.001,232
br14_057.json,75.47,0.002,234
br14_058.json,75.35,0.002,236
br14_059.json,73.65,0.002,245
br14_060.json,72.10,0.002,253
br14_061.json,73.16,0.002,234
br14_062.json,72.81,0.002,250
br14_063.json,74.12,0.002,238
br14_064.json,72.09,0.002,243
br14_065.json,71.06,0.002,241
br14_066.json,78.20,0.002,244
br14_067.json,70.63,0.001,234
br14_068.json,74.33,0.002,235
br14_069.json,73.60,0.002,253
br14_070.json,67.60,0.002,238
br14_071.json,74.45,0.002,246
br14_072.json,73.69,0.002,234
br14_073.json,75.52,0.002,239
br14_074.json,70.53,0.002,232
br14_075.json,74.51,0.002,245
br14_076.json,74.65,0.002,237
br14_077.json,73.78,0.002,256
br14_078.json,72.14,0.003,256
br14_079.json,73.11,0.003,255
br14_080.json,70.51,0.002,250
br14_081.json,68.61,0.001,230
br14_082.json,74.05,0.001,230
br14_083.json,73.12,0.002,245
br14_084.json,72.12,0.002,250
br14_085.json,74.36,0.002,254
br14_086.json,74.63,0.002,249
br14_087.json,72.84,0.002,252
br14_088.json,68.66,0.002,244
br14_089.json,72.14,0.002,237
br14_090.json,76.40,0.002,235
br14_091.json,73.98,0.001,230
br14_092.json,76.85,0.002,250
br14_093.json,73.78,0.001,229
br14_094.json,75.37,0.002,250
br14_095.json,73.83,0.002,237
br14_096.json,75.36,0.002,250
br14_097.json,69.23,0.002,244
br14_098.json,69.76,0.002,252
br14_099.json,74.07,0.002,250
br14_100.json,72.68,0.002,237
br15_001.json,72.43,0.002,244
br15_002.json,72.18,0.002,260
br15_003.json,68.91,0.002,248
br15_004.json,73.43,0.002,246
br15_005.json,71.53,0.002,256
br15_006.json,72.76,0.003,267
br15_007.json,72.87,0.002,254
br15_008.json,72.39,0.002,245
br15_009.json,73.54,0.001,240
br15_010.json,69.82,0.002,256
br15_011.json,69.33,0.002,249
br15_012.json,71.49,0.001,242
br15_013.json,70.83,0.002,257
br15_014.json,72.92,0.002,243
br15_015.json,73.32,0.002,249
br15_016.json,70.23,0.002,246
br15_017.json,71.83,0.002,254
br15_018.json,72.06,0.002,243
br15_019.json,72.71,0.002,248
br15_020.json,68.50,0.002,255
br15_021.json,71.13,0.002,246
br15_022.json,73.68,0.002,245
br15_023.json,73.92,0.002,246
br15_024.json,69.89,0.002,243
br15_025.json,73.86,0.002,258
br15_026.json,70.14,0.003,267
br15_027.json,71.44,0.002,245
br15_028.json,68.44,0.002,257
br15_029.json,70.93,0.002,249
br15_030.json,71.15,0.002,255
br15_031.json,69.63,0.002,246
br15_032.json,70.59,0.002,262
br15_033.json,71.21,0.002,249
br15_034.json,73.43,0.002,249
br15_035.json,74.34,0.002,257
br15_036.json,71.21,0.002,258
br15_037.json,72.66,0.002,247
br15_038.json,72.63,0.002,254
br15_039.json,70.24,0.002,260
br15_040.json,72.20,0.002,245
br15_041.json,68.16,0.002,256
br15_042.json,72.99,0.002,244
br15_043.json,73.40,0.001,243
br15_044.json,76.54,0.002,262
br15_045.json,72.41,0.002,253
br15_046.json,74.28,0.002,241
br15_047.json,72.23,0.002,248
br15_048.json,73.23,0.002,248
br15_049.json,72.69,0.002,250
br15_050.json,72.71,0.002,260
br15_051.json,71.62,0.003,270
br15_052.json,69.90,0.002,256
br15_053.json,70.90,0.002,259
br15_054.json,71.89,0.002,262
br15_055.json,70.74,0.002,259
br15_056.json,73.26,0.002,247
br15_057.json,72.48,0.001,244
br15_058.json,74.94,0.002,248
br15_059.json,70.35,0.002,256
br15_060.json,74.79,0.003,269
br15_061.json,72.12,0.002,248
br15_062.json,71.96,0.002,248
br15_063.json,75.39,0.002,247
br15_064.json,69.69,0.002,254
br15_065.json,71.34,0.002,251
br15_066.json,75.64,0.002,259
br15_067.json,72.33,0.001,240
br15_068.json,73.09,0.002,255
br15_069.json,71.80,0.002,258
br15_070.json,69.02,0.002,249
br15_071.json,72.58,0.002,262
br15_072.json,73.81,0.002,247
br15_073.json,73.52,0.002,257
br15_074.json,71.09,0.002,245
br15_075.json,71.17,0.002,248
br15_076.json,73.94,0.002,248
br15_077.json,71.50,0.003,267
br15_078.json,70.32,0.002,257
br15_079.json,71.47,0.003,267
br15_080.json,72.96,0.002,260
br15_081.json,70.74,0.001,238
br15_082.json,68.39,0.001,239
br15_083.json,74.72,0.002,257
br15_084.json,71.25,0.002,258
br15_085.json,70.25,0.002,271
br15_086.json,73.49,0.002,248
br15_087.json,73.34,0.002,262
br15_088.json,70.05,0.002,259
br15_089.json,73.87,0.002,255
br15_090.json,73.55,0.002,246
br15_091.json,73.26,0.002,240
br15_092.json,77.44,0.002,254
br15_093.json,74.91,0.001,240
br15_094.json,75.62,0.002,261
br15_095.json,70.23,0.002,247
br15_096.json,72.25,0.002,255
br15_097.json,70.63,0.002,256
br15_098.json,70.44,0.002,258
br15_099.json,71.61,0.002,263
br15_100.json,69.74,0.002,254
